Date,Price,Open,High,Low,Vol.,Volume,Change %
08/13/2023,657.8,628,666,625.2,259.81K,259810,5.18%
08/10/2023,625.4,623.1,630,615.1,222.80K,222800,-0.05%
08/09/2023,625.7,630.1,638,617,191.25K,191250,-1.79%
08/08/2023,637.1,630,654,624,276.38K,276380,1.47%
08/07/2023,627.9,615.1,634,615.1,599.47K,599470,2.08%
08/06/2023,615.1,615.1,615.1,615.1,1.88K,1880,0.00%
08/03/2023,615.1,615.1,615.1,615.1,0.05K,50,0.00%
08/02/2023,615.1,615.1,615.1,615.1,0.01K,10,0.00%
07/31/2023,615.1,615.1,615.1,615.1,0.00K,0,0.00%
07/26/2023,615.1,615.1,615.1,615.1,0.00K,0,0.00%
07/25/2023,615.1,615.1,615.1,615.1,9.22K,9220,0.00%
07/24/2023,615.1,615.1,615.1,615.1,0.14K,140,0.00%
07/23/2023,615.1,615.1,615.1,615.1,0.01K,10,0.00%
07/20/2023,615.1,615.1,615.1,615.1,0.01K,10,0.00%
07/19/2023,615.1,615.1,615.1,615.1,0.02K,20,0.00%
07/18/2023,615.1,615.1,615.1,615.1,0.01K,10,0.00%
07/17/2023,615.1,615.1,615.1,615.1,0.24K,240,0.00%
07/16/2023,615.1,615.1,615.1,615.1,0.00K,0,0.00%
07/13/2023,615.1,615.1,615.1,615.1,0.26K,260,0.00%
07/12/2023,615.1,615.1,615.1,615.1,10.60K,10600,0.00%
07/11/2023,615.1,615.1,615.1,615.1,0.03K,30,0.00%
07/10/2023,615.1,615.1,615.1,615.1,0.05K,50,0.00%
07/09/2023,615.1,615.1,615.1,615.1,0.13K,130,0.00%
07/06/2023,615.1,615.1,615.1,615.1,0.03K,30,0.00%
07/05/2023,615.1,615.1,615.1,615.1,0.02K,20,0.00%
07/04/2023,615.1,615.1,615.1,615.1,0.20K,200,0.00%
07/03/2023,615.1,615.1,615.1,615.1,0.12K,120,0.00%
07/02/2023,615.1,615.1,615.1,615.1,0.02K,20,0.00%
06/26/2023,615.1,615.1,615.1,615.1,0.03K,30,0.00%
06/25/2023,615.1,615.1,615.1,615.1,0.00K,0,0.00%
06/19/2023,615.1,615.1,615.1,615.1,0.04K,40,0.00%
06/18/2023,615.1,615.1,615.1,615.1,0.16K,160,0.00%
06/15/2023,615.1,615.1,615.1,615.1,0.00K,0,0.00%
06/14/2023,615.1,615.1,615.1,615.1,0.12K,120,0.00%
06/13/2023,615.1,615.1,615.1,615.1,0.02K,20,0.00%
06/12/2023,615.1,615.1,615.1,615.1,0.18K,180,0.00%
06/11/2023,615.1,615.1,615.1,615.1,0.06K,60,0.00%
06/08/2023,615.1,615.1,615.1,615.1,0.01K,10,0.00%
06/07/2023,615.1,615.1,615.1,615.1,0.03K,30,0.00%
06/06/2023,615.1,615.1,615.1,615.1,0.02K,20,0.00%
06/05/2023,615.1,615.1,615.1,615.1,0.05K,50,0.00%
06/04/2023,615.1,615.1,615.1,615.1,0.25K,250,0.00%
06/01/2023,615.1,615.1,615.1,615.1,0.13K,130,0.00%
05/31/2023,615.1,615.1,615.1,615.1,0.33K,330,0.00%
05/30/2023,615.1,615.1,615.1,615.1,0.50K,500,0.00%
05/29/2023,615.1,615.1,615.1,615.1,1.26K,1260,0.00%
05/28/2023,615.1,615.1,615.1,615.1,1.42K,1420,0.00%
05/25/2023,615.1,615.1,615.1,615.1,0.22K,220,0.00%
05/24/2023,615.1,615.1,615.1,615.1,2.06K,2060,0.00%
05/23/2023,615.1,615.1,615.1,615.1,2.52K,2520,0.00%
05/22/2023,615.1,615.1,615.1,615.1,0.92K,920,0.00%
05/21/2023,615.1,615.1,615.1,615.1,0.96K,960,0.00%
05/18/2023,615.1,615.1,615.1,615.1,0.56K,560,0.00%
05/17/2023,615.1,615.1,615.1,615.1,1.87K,1870,0.00%
05/16/2023,615.1,615.1,615.1,615.1,1.59K,1590,0.00%
05/15/2023,615.1,615.1,615.1,615.1,1.00K,1000,0.00%
05/14/2023,615.1,615.1,615.1,615.1,12.41K,12410,0.00%
05/11/2023,615.1,615.1,615.1,615.1,112.51K,112510,0.00%
05/10/2023,615.1,619.4,620,615.1,76.77K,76770,-0.45%
05/09/2023,617.9,625,630.4,615.1,134.73K,134730,-1.64%
05/08/2023,628.2,640.1,642,625,35.50K,35500,-1.84%
05/07/2023,640,638,671,624,112.72K,112720,2.24%
05/03/2023,626,629.9,633,621.1,74.17K,74170,-0.30%
05/02/2023,627.9,645,653,619.5,70.47K,70470,-2.36%
04/30/2023,643.1,625,648.9,625,296.90K,296900,2.98%
04/27/2023,624.5,618.5,627.9,615.1,100.46K,100460,1.36%
04/26/2023,616.1,627.9,628,615.5,80.69K,80690,-0.61%
04/25/2023,619.9,624.8,628.4,617,98.66K,98660,0.49%
04/24/2023,616.9,628.7,628.7,615.1,57.14K,57140,-1.45%
04/18/2023,626,615.1,629,615.1,74.73K,74730,1.77%
04/17/2023,615.1,615.1,615.1,615.1,0.89K,890,0.00%
04/16/2023,615.1,615.1,615.1,615.1,3.56K,3560,0.00%
04/13/2023,615.1,615.1,615.1,615.1,1.76K,1760,0.00%
04/12/2023,615.1,615.1,615.1,615.1,7.27K,7270,0.00%
04/11/2023,615.1,615.1,621.2,615.1,31.41K,31410,0.00%
04/10/2023,615.1,625.1,625.1,615.1,74.06K,74060,-1.63%
04/09/2023,625.3,634.9,640,622.1,43.69K,43690,-0.29%
04/06/2023,627.1,619.8,644.7,619.8,93.98K,93980,1.82%
04/05/2023,615.9,620,629,615.1,75.53K,75530,-0.52%
04/04/2023,619.1,634.8,638,615.1,73.52K,73520,-1.01%
04/03/2023,625.4,635.8,645,623,89.73K,89730,-1.64%
04/02/2023,635.8,629,665.8,629,38.36K,38360,1.84%
03/30/2023,624.3,650,658.9,621,99.18K,99180,-2.68%
03/29/2023,641.5,644,650,627,29.49K,29490,1.65%
03/28/2023,631.1,656,668.8,620,39.64K,39640,-5.00%
03/27/2023,664.3,692,692.8,655,38.14K,38140,-3.42%
03/23/2023,687.8,691,692,682.5,23.14K,23140,-0.49%
03/22/2023,691.2,684.9,699.7,684.9,99.56K,99560,0.89%
03/21/2023,685.1,665,689,658.5,165.34K,165340,2.84%
03/20/2023,666.2,669.3,670.5,655.1,39.55K,39550,-0.46%
03/19/2023,669.3,662,681.9,646.3,229.09K,229090,1.07%
03/16/2023,662.2,631.1,669.9,625.1,121.07K,121070,4.93%
03/15/2023,631.1,638.1,651.8,623,40.72K,40720,-2.62%
03/14/2023,648.1,645,654.5,630.8,38.14K,38140,1.65%
03/13/2023,637.6,620.5,650,615.5,56.57K,56570,0.38%
03/12/2023,635.2,666,666,625.6,57.45K,57450,-4.65%
03/09/2023,666.2,652,674.9,643.1,86.29K,86290,0.39%
03/07/2023,663.6,639,674.9,635,113.18K,113180,3.74%
03/06/2023,639.7,626.9,650,621,134.68K,134680,3.54%
03/05/2023,617.8,615.1,629,615.1,67.43K,67430,0.44%
03/02/2023,615.1,615.1,615.1,615.1,8.55K,8550,0.00%
03/01/2023,615.1,630.1,645,615.1,76.46K,76460,-3.23%
02/28/2023,635.6,615.1,652,615.1,214.96K,214960,3.33%
02/27/2023,615.1,615.1,615.1,615.1,0.73K,730,0.00%
02/26/2023,615.1,615.1,615.1,615.1,0.11K,110,0.00%
02/23/2023,615.1,615.1,615.1,615.1,0.29K,290,0.00%
02/22/2023,615.1,615.1,615.1,615.1,7.13K,7130,0.00%
02/20/2023,615.1,620.2,629.8,615.1,68.80K,68800,-3.62%
02/19/2023,638.2,689.8,689.8,638.1,95.62K,95620,-7.48%
02/16/2023,689.8,696.5,707.9,686,161.45K,161450,-0.98%
02/15/2023,696.6,710,710,680,525.85K,525850,-0.87%
02/14/2023,702.7,710,714,694,133.52K,133520,1.33%
02/13/2023,693.5,695.8,710,673,281.14K,281140,-0.33%
02/12/2023,695.8,660,709.9,660,184.60K,184600,5.26%
02/09/2023,661,615.1,661.2,615.1,544.50K,544500,7.46%
02/08/2023,615.1,615.1,615.1,615.1,17.74K,17740,0.00%
02/07/2023,615.1,615.1,615.1,615.1,0.30K,300,0.00%
02/06/2023,615.1,615.1,615.1,615.1,4.83K,4830,0.00%
02/05/2023,615.1,615.1,615.1,615.1,2.79K,2790,0.00%
02/02/2023,615.1,615.1,615.1,615.1,0.07K,70,0.00%
02/01/2023,615.1,615.1,615.1,615.1,0.11K,110,0.00%
01/31/2023,615.1,615.1,615.1,615.1,0.08K,80,0.00%
01/30/2023,615.1,615.1,615.1,615.1,0.15K,150,0.00%
01/29/2023,615.1,615.1,615.1,615.1,5.00K,5000,0.00%
01/25/2023,615.1,615.1,615.1,615.1,1.23K,1230,0.00%
01/24/2023,615.1,615.1,615.1,615.1,0.16K,160,0.00%
01/23/2023,615.1,615.1,615.1,615.1,0.00K,0,0.00%
01/22/2023,615.1,615.1,615.1,615.1,0.50K,500,0.00%
01/19/2023,615.1,615.1,615.1,615.1,5.11K,5110,0.00%
01/18/2023,615.1,615.1,615.1,615.1,1.38K,1380,0.00%
01/17/2023,615.1,615.1,615.1,615.1,6.40K,6400,0.00%
01/16/2023,615.1,615.1,615.1,615.1,0.66K,660,0.00%
01/15/2023,615.1,615.1,615.1,615.1,8.81K,8810,0.00%
01/12/2023,615.1,615.1,615.1,615.1,0.02K,20,0.00%
01/11/2023,615.1,615.1,615.1,615.1,0.01K,10,0.00%
01/10/2023,615.1,615.1,615.1,615.1,0.74K,740,0.00%
01/09/2023,615.1,615.1,615.1,615.1,0.00K,0,0.00%
01/08/2023,615.1,615.1,615.1,615.1,0.06K,60,0.00%
01/05/2023,615.1,615.1,615.1,615.1,0.50K,500,0.00%
01/04/2023,615.1,615.1,615.1,615.1,0.40K,400,0.00%
01/03/2023,615.1,615.1,615.1,615.1,0.08K,80,0.00%
01/02/2023,615.1,615.1,615.1,615.1,0.06K,60,0.00%
01/01/2023,615.1,615.1,615.1,615.1,0.39K,390,0.00%
12/29/2022,615.1,615.1,615.1,615.1,0.15K,150,0.00%
12/28/2022,615.1,615.1,615.1,615.1,0.05K,50,0.00%
12/27/2022,615.1,615.1,615.1,615.1,0.03K,30,0.00%
12/26/2022,615.1,615.1,615.1,615.1,0.02K,20,0.00%
12/22/2022,615.1,615.1,615.1,615.1,1.57K,1570,0.00%
12/21/2022,615.1,615.1,615.1,615.1,1.20K,1200,0.00%
12/20/2022,615.1,615.1,615.1,615.1,3.86K,3860,0.00%
12/19/2022,615.1,615.1,615.1,615.1,1.30K,1300,0.00%
12/18/2022,615.1,615.1,615.1,615.1,2.56K,2560,0.00%
12/15/2022,615.1,615.1,615.1,615.1,2.91K,2910,0.00%
12/14/2022,615.1,615.2,617.5,615.1,36.38K,36380,-0.02%
12/13/2022,615.2,615.1,629.2,615.1,178.87K,178870,-0.23%
12/12/2022,616.6,615.1,624.9,615.1,200.86K,200860,0.24%
12/11/2022,615.1,626.8,626.8,615.1,42.43K,42430,-0.77%
12/08/2022,619.9,627,629,617.5,46.50K,46500,-1.01%
12/07/2022,626.2,639,639,621,55.00K,55000,0.58%
12/06/2022,622.6,623.5,633.5,621,59.74K,59740,-0.81%
12/05/2022,627.7,640.6,649,621,58.88K,58880,-2.01%
12/04/2022,640.6,661,666.9,638,33.52K,33520,-3.91%
12/01/2022,666.7,660.2,686.4,658,34.76K,34760,1.26%
11/30/2022,658.4,665.5,679.9,651.1,85.23K,85230,-1.02%
11/29/2022,665.2,682.2,684,650,30.86K,30860,-2.90%
11/28/2022,685.1,693,719.3,680,93.19K,93190,2.38%
11/27/2022,669.2,711,711,664.5,45.05K,45050,-3.15%
11/24/2022,691,702,702,683.2,22.68K,22680,-2.72%
11/23/2022,710.3,700,751.2,690,67.77K,67770,1.65%
11/22/2022,698.8,630,698.8,625,117.54K,117540,7.49%
11/21/2022,650.1,697.5,697.5,649,12.04K,12040,-5.76%
11/20/2022,689.8,742,755,688,70.60K,70600,-7.25%
11/16/2022,743.7,718.9,744.5,665,84.11K,84110,7.38%
11/15/2022,692.6,742,742,692.1,28.62K,28620,-7.43%
11/14/2022,748.2,823.9,823.9,741,156.46K,156460,-5.33%
11/13/2022,790.3,848.5,848.5,781,39.21K,39210,-5.18%
11/10/2022,833.5,865,865.9,828.3,197.49K,197490,-1.72%
11/09/2022,848.1,851.7,870.9,841.2,51.41K,51410,-2.90%
11/08/2022,873.4,850.1,880,843.1,273.75K,273750,1.39%
11/07/2022,861.4,872,882,846,142.60K,142600,-1.32%
11/06/2022,872.9,879.9,890,842,196.49K,196490,0.25%
11/03/2022,870.7,897.9,897.9,850,167.62K,167620,-0.82%
11/02/2022,877.9,917,917,843.6,230.75K,230750,1.02%
11/01/2022,869,825,869,825,130.65K,130650,7.50%
10/31/2022,808.4,830,843.9,786,302.66K,302660,-3.35%
10/30/2022,836.4,865.8,890,821.2,261.29K,261290,-5.33%
10/27/2022,883.5,840,910,773,1.48M,1480000,7.38%
10/26/2022,822.8,888,889,810,120.92K,120920,-4.92%
10/25/2022,865.4,877,900,851.2,151.33K,151330,-0.38%
10/24/2022,868.7,886.2,887,861.2,65.75K,65750,-1.97%
10/23/2022,886.2,881,910,860.1,185.24K,185240,3.05%
10/20/2022,860,824.9,872.2,812,250.77K,250770,5.99%
10/19/2022,811.4,784,819,784,251.07K,251070,4.25%
10/18/2022,778.3,780,793.7,761,317.52K,317520,1.20%
10/17/2022,769.1,819.8,819.8,750,163.71K,163710,-4.46%
10/16/2022,805,784.4,819.9,784,224.22K,224220,2.61%
10/13/2022,784.5,811,818,781.3,140.73K,140730,-4.08%
10/12/2022,817.9,800,828,783,216.66K,216660,3.13%
10/11/2022,793.1,735,795.1,735,678.32K,678320,7.22%
10/10/2022,739.7,717.7,751.7,707,1.11M,1110000,5.78%
10/06/2022,699.3,676,708,670.4,641.92K,641920,4.61%
10/04/2022,668.5,666.3,688.9,659,566.97K,566970,0.60%
10/03/2022,664.5,670,690,660,122.40K,122400,0.68%
10/02/2022,660,678,690,640,262.66K,262660,-2.02%
09/29/2022,673.6,669,696,658.1,148.15K,148150,3.34%
09/28/2022,651.8,674,719.6,635,920.87K,920870,-2.63%
09/27/2022,669.4,652,695,635,171.06K,171060,2.70%
09/26/2022,651.8,657.1,669,638.9,178.85K,178850,-0.81%
09/25/2022,657.1,626.9,674.6,626.9,256.50K,256500,4.70%
09/22/2022,627.6,638.9,644.9,626,64.12K,64120,0.06%
09/21/2022,627.2,640,658.8,625,58.40K,58400,-2.06%
09/20/2022,640.4,630,649,626.3,125.71K,125710,2.02%
09/19/2022,627.7,639,648,620,156.35K,156350,-0.44%
09/18/2022,630.5,664,665.5,623,207.10K,207100,-4.41%
09/15/2022,659.6,665.3,670.9,655,48.72K,48720,-0.86%
09/14/2022,665.3,670,689.9,656.1,89.90K,89900,0.45%
09/13/2022,662.3,670.3,670.5,657,24.44K,24440,-1.19%
09/12/2022,670.3,677.2,686,666.2,35.58K,35580,-1.02%
09/11/2022,677.2,699,700,660,38.17K,38170,-2.92%
09/08/2022,697.6,690,701.9,680.1,254.77K,254770,0.36%
09/07/2022,695.1,685.2,698.5,680,77.98K,77980,-0.07%
09/06/2022,695.6,691,705,684.7,26.89K,26890,1.61%
09/05/2022,684.6,718.8,718.8,665,110.78K,110780,-3.14%
09/04/2022,706.8,720,720,695,192.38K,192380,-1.11%
09/01/2022,714.7,719.2,726,709,350.00K,350000,0.90%
08/31/2022,708.3,721,730,700,74.33K,74330,-2.95%
08/30/2022,729.8,747,758,724,126.13K,126130,-1.18%
08/29/2022,738.5,722,740,716,551.33K,551330,2.19%
08/28/2022,722.7,718,734,718,100.00K,100000,0.54%
08/25/2022,718.8,712,724,711,164.76K,164760,1.28%
08/24/2022,709.7,705.2,725,705.2,195.71K,195710,0.03%
08/23/2022,709.5,708.5,722,705.3,90.55K,90550,-0.46%
08/22/2022,712.8,701,730,701,146.25K,146250,2.41%
08/21/2022,696,688,709,680,195.48K,195480,-1.71%
08/17/2022,708.1,720,729,700,196.15K,196150,-2.68%
08/16/2022,727.6,730,744.9,715.2,156.89K,156890,0.93%
08/14/2022,720.9,698.5,748.7,685,600.53K,600530,3.50%
08/11/2022,696.5,670,700,670,187.97K,187970,2.85%
08/10/2022,677.2,665,681,665,428.18K,428180,1.14%
08/08/2022,669.6,659.7,675,654.1,161.89K,161890,1.50%
08/07/2022,659.7,651,669,634,212.47K,212470,1.26%
08/04/2022,651.5,661,661,642.6,450.22K,450220,0.11%
08/03/2022,650.8,646,674.9,645.1,463.82K,463820,0.51%
08/02/2022,647.5,637.2,665,626.5,695.78K,695780,2.68%
08/01/2022,630.6,625,640.9,620,569.55K,569550,0.00%
07/31/2022,630.6,615.1,641,615.1,175.49K,175490,5.33%
07/28/2022,598.7,598.9,613.9,598.7,322.62K,322620,-2.00%
07/27/2022,610.9,621.6,621.6,610.9,41.89K,41890,-1.99%
07/26/2022,623.3,617.2,644.1,612.1,273.46K,273460,1.20%
07/25/2022,615.9,615,620,614.5,180.35K,180350,-1.77%
07/24/2022,627,630,649.9,627,128.93K,128930,-1.99%
07/21/2022,639.7,620,651,620,629.79K,629790,3.65%
07/20/2022,617.2,603.9,661,603.9,695.51K,695510,0.16%
07/19/2022,616.2,620,620,616.2,111.69K,111690,-1.99%
07/18/2022,628.7,640.1,645.8,628.7,75.06K,75060,-2.00%
07/17/2022,641.5,641.5,649,628.6,58.16K,58160,0.02%
07/14/2022,641.4,679.9,679.9,636,49.59K,49590,-1.16%
07/13/2022,648.9,642.5,657.6,641.9,74.34K,74340,-0.93%
07/12/2022,655,665,668,655,83.09K,83090,-1.99%
07/07/2022,668.3,677,684,664.7,1.09M,1090000,-1.46%
07/06/2022,678.2,660,682.5,646.8,233.05K,233050,2.80%
07/05/2022,659.7,615.1,664.8,615,131.54K,131540,5.99%
07/04/2022,622.4,615,630,614.4,104.33K,104330,1.57%
07/03/2022,612.8,605,623.9,590,568.99K,568990,5.26%
06/30/2022,582.2,565,589,555,277.63K,277630,5.97%
06/29/2022,549.4,512.1,554.9,512.1,164.40K,164400,6.39%
06/28/2022,516.4,510.3,543.5,505.7,52.04K,52040,1.20%
06/27/2022,510.3,506,516,506,50.81K,50810,-1.16%
06/26/2022,516.3,520.5,522.9,516.3,31.40K,31400,-1.99%
06/23/2022,526.8,541,553.5,526.4,34.70K,34700,-1.92%
06/22/2022,537.1,494.5,537.8,484.8,293.47K,293470,8.59%
06/21/2022,494.6,500.6,505,494.6,25.30K,25300,-1.98%
06/20/2022,504.6,509.5,509.6,499.4,35.11K,35110,-0.96%
06/19/2022,509.5,530,530,508.9,31.34K,31340,-1.87%
06/16/2022,519.2,527.5,532,517,53.95K,53950,-1.27%
06/15/2022,525.9,537.5,541.6,524,32.77K,32770,-1.07%
06/14/2022,531.6,539,544.4,528.5,28.06K,28060,-1.23%
06/13/2022,538.2,557.9,557.9,536.5,23.00K,23000,-1.61%
06/12/2022,547,551,561.5,541.7,96.09K,96090,-1.03%
06/09/2022,552.7,535,562.9,533.3,54.07K,54070,3.83%
06/08/2022,532.3,532.1,539.5,531.6,20.87K,20870,0.06%
06/07/2022,532,533,545.9,530.7,18.44K,18440,-1.00%
06/06/2022,537.4,554,554,534.4,34.51K,34510,-1.43%
06/05/2022,545.2,565,565,543.4,30.39K,30390,-1.66%
06/02/2022,554.4,560,563,551.1,29.41K,29410,0.34%
06/01/2022,552.5,544.1,564.8,541,49.62K,49620,1.54%
05/31/2022,544.1,546.1,552.9,543,49.61K,49610,-1.79%
05/30/2022,554,565.3,569.7,554,52.85K,52850,-2.00%
05/29/2022,565.3,578,584.8,562,62.49K,62490,-0.41%
05/26/2022,567.6,559.8,571,546.1,53.95K,53950,2.09%
05/25/2022,556,569,571.3,510,178.01K,178010,4.61%
05/24/2022,531.5,531.5,531.5,520,61.39K,61390,-27.01%
05/22/2022,728.2,777.8,778,718.8,98.04K,98040,-3.75%
05/19/2022,756.6,780,788,752.6,59.22K,59220,-4.49%
05/18/2022,792.2,826,847.5,784.2,58.30K,58300,-4.02%
05/17/2022,825.4,825,848,794,63.72K,63720,0.87%
05/16/2022,818.3,856.2,861,818.2,57.15K,57150,-4.98%
05/12/2022,861.2,877,877,856,41.54K,41540,-2.68%
05/11/2022,884.9,903,930,870,56.98K,56980,-2.57%
05/10/2022,908.2,950.1,950.1,902.1,68.96K,68960,-4.24%
05/09/2022,948.4,954,965.8,937,77.99K,77990,0.07%
05/08/2022,947.7,942,960,930,127.86K,127860,1.03%
05/05/2022,938,903,945,891,169.02K,169020,4.43%
04/28/2022,898.2,874,909,852.3,234.53K,234530,0.12%
04/27/2022,897.1,915,937,882.3,681.00K,681000,-1.36%
04/26/2022,909.5,863.7,916,861,322.50K,322500,6.70%
04/25/2022,852.4,830.1,865,827,86.51K,86510,2.21%
04/24/2022,834,857.5,870,827.5,83.79K,83790,-3.85%
04/21/2022,867.4,900,913.9,848,298.44K,298440,-0.98%
04/20/2022,876,849.9,880,840,64.86K,64860,5.64%
04/19/2022,829.2,824.6,844,824.6,298.64K,298640,-1.45%
04/18/2022,841.4,857.9,857.9,841.4,15.94K,15940,-1.99%
04/17/2022,858.5,875,888.4,855.4,341.91K,341910,-1.64%
04/13/2022,872.8,871.4,880,864.7,353.68K,353680,-1.08%
04/12/2022,882.3,901,909.8,882.3,99.80K,99800,-2.00%
04/11/2022,900.3,875.2,919,875,211.79K,211790,4.12%
04/10/2022,864.7,825.9,864.7,825.9,215.08K,215080,7.50%
04/07/2022,804.4,794,870.9,794,340.26K,340260,-0.72%
04/06/2022,810.2,810.2,810.2,810.2,8.14K,8140,-2.00%
04/05/2022,826.7,827.5,847,826.7,32.44K,32440,-1.99%
04/04/2022,843.5,860,862.1,843.5,82.45K,82450,-2.00%
04/03/2022,860.7,875,883,858.9,104.82K,104820,-1.79%
03/31/2022,876.4,887.3,899.9,869.6,1.15M,1150000,-1.23%
03/30/2022,887.3,861,897.1,860.3,197.71K,197710,1.16%
03/29/2022,877.1,868.2,880,867.5,817.96K,817960,-0.92%
03/28/2022,885.2,854,899,838,206.20K,206200,3.67%
03/27/2022,853.9,811.8,865.2,797.7,202.33K,202330,4.91%
03/24/2022,813.9,835,835,813,249.96K,249960,-1.88%
03/23/2022,829.5,788,830.8,781.2,405.52K,405520,7.07%
03/22/2022,774.7,729.7,774.9,729.7,326.86K,326860,7.46%
03/21/2022,720.9,699.9,726.9,687.3,99.06K,99060,3.25%
03/20/2022,698.2,715.1,718,698.2,107.96K,107960,-1.99%
03/16/2022,712.4,721,733.9,710.8,104.48K,104480,-1.78%
03/15/2022,725.3,733.1,736,720,71.17K,71170,-1.02%
03/14/2022,732.8,727.1,743.3,718.3,108.27K,108270,0.71%
03/13/2022,727.6,720,734.7,717.1,85.20K,85200,-0.26%
03/10/2022,729.5,748,748.8,727.6,133.74K,133740,-1.74%
03/09/2022,742.4,730,750,729.9,137.71K,137710,2.78%
03/08/2022,722.3,748,750,715,121.11K,121110,-3.10%
03/07/2022,745.4,773,779.4,738.1,133.04K,133040,-3.58%
03/06/2022,773.1,760,781.6,756,274.68K,274680,2.15%
03/03/2022,756.8,745,770,727.4,845.60K,845600,1.47%
03/02/2022,745.8,752.1,753.4,737,102.39K,102390,-0.94%
03/01/2022,752.9,750,763,745.2,134.57K,134570,0.76%
02/28/2022,747.2,723,751,723,239.99K,239990,3.25%
02/27/2022,723.7,715,740,711,185.02K,185020,0.72%
02/24/2022,718.5,730,735,706.2,170.41K,170410,0.31%
02/23/2022,716.3,672.9,725.9,666,256.84K,256840,6.07%
02/22/2022,675.3,693,701,660,103.31K,103310,-3.67%
02/20/2022,701,699.9,710,682.4,177.66K,177660,-1.66%
02/17/2022,712.8,720,726.8,710.1,239.54K,239540,-1.05%
02/16/2022,720.4,734.4,744,717.5,122.36K,122360,-0.61%
02/15/2022,724.8,747,755.8,716,283.68K,283680,-1.20%
02/14/2022,733.6,748,753.8,725,100.77K,100770,-1.23%
02/13/2022,742.7,732,752,727.1,373.94K,373940,2.13%
02/10/2022,727.2,738.9,747,720.5,113.90K,113900,0.00%
02/09/2022,727.2,745.1,753.8,720.7,145.18K,145180,-1.20%
02/08/2022,736,731.1,742,719.3,335.58K,335580,0.75%
02/07/2022,730.5,749.8,749.8,729.1,120.61K,120610,-1.48%
02/06/2022,741.5,754.9,769.4,735.2,142.82K,142820,-1.63%
02/03/2022,753.8,739.8,765.9,735,134.73K,134730,3.20%
02/02/2022,730.4,732.9,744.4,715.1,98.34K,98340,0.83%
02/01/2022,724.4,721.2,743,713.1,75.58K,75580,1.13%
01/31/2022,716.3,737.5,740.9,708,94.21K,94210,-2.60%
01/30/2022,735.4,745,745,720.1,87.71K,87710,-0.14%
01/27/2022,736.4,769.8,776,731.8,152.57K,152570,-1.80%
01/26/2022,749.9,777,780,745.2,267.08K,267080,-3.40%
01/25/2022,776.3,805.3,810,770,227.96K,227960,-3.11%
01/24/2022,801.2,779,805,765.7,211.04K,211040,4.65%
01/23/2022,765.6,740,782.4,740,456.58K,456580,5.18%
01/20/2022,727.9,729,745,722.1,285.09K,285090,2.26%
01/19/2022,711.8,733.5,734,704,155.64K,155640,-1.83%
01/18/2022,725.1,731,744.9,721.1,82.05K,82050,-1.35%
01/17/2022,735,755,755,732,113.53K,113530,-1.13%
01/16/2022,743.4,749,765,736.3,80.84K,80840,1.28%
01/13/2022,734,757,757,730,71.36K,71360,-2.45%
01/12/2022,752.4,760,767.2,750,93.74K,93740,-0.63%
01/11/2022,757.2,740.3,772,701,155.50K,155500,2.50%
01/10/2022,738.7,766,777,735.9,107.97K,107970,-2.94%
01/06/2022,761.1,785,785,745.9,194.00K,194000,-4.24%
01/05/2022,794.8,840,843.1,777.8,136.16K,136160,-4.79%
01/04/2022,834.8,768.3,848,768.3,321.91K,321910,0.52%
01/03/2022,830.5,844,850,830.5,102.29K,102290,-7.50%
01/02/2022,897.8,950,957,886,278.87K,278870,-6.25%
12/30/2021,957.7,931,959.9,930.1,1.18M,1180000,3.27%
12/29/2021,927.4,895,942,876,185.41K,185410,4.24%
12/28/2021,889.7,877.9,905,865,486.64K,486640,2.43%
12/27/2021,868.6,853.9,884.9,853.9,170.65K,170650,1.56%
12/26/2021,855.3,865,900.4,835,1.73M,1730000,0.21%
12/23/2021,853.5,852.6,869.8,821,261.37K,261370,1.52%
12/22/2021,840.7,796.9,850,792.3,526.10K,526100,6.24%
12/21/2021,791.3,830,835,781,132.59K,132590,-4.99%
12/20/2021,832.9,835.9,855,815.5,109.88K,109880,0.69%
12/19/2021,827.2,775,827.2,764.9,306.02K,306020,7.50%
12/15/2021,769.5,759.9,780,738,335.15K,335150,0.87%
12/14/2021,762.9,733,770,727.6,264.78K,264780,5.39%
12/13/2021,723.9,699,734.7,686.3,181.58K,181580,4.75%
12/12/2021,691.1,664.1,691.1,664.1,584.16K,584160,7.50%
12/09/2021,642.9,658,665,636,158.50K,158500,-1.49%
12/08/2021,652.6,639.2,675,639,380.99K,380990,2.10%
12/07/2021,639.2,649,657.5,630,144.60K,144600,-2.16%
12/06/2021,653.3,651.3,674,630,330.70K,330700,-0.70%
12/05/2021,657.9,649,670,630.1,294.90K,294900,4.54%
12/02/2021,629.3,588,629.4,562,518.60K,518600,7.48%
12/01/2021,585.5,570,585.5,560,120.28K,120280,7.49%
11/30/2021,544.7,578.8,589,535,77.69K,77690,-3.73%
11/29/2021,565.8,581,593.8,558.6,82.04K,82040,-2.03%
11/28/2021,577.5,600.1,608,570,22.43K,22430,-5.09%
11/25/2021,608.5,619,624.5,601,83.80K,83800,-1.62%
11/24/2021,618.5,595.5,640.1,560.2,209.53K,209530,3.86%
11/23/2021,595.5,615,615,578,186.71K,186710,-1.55%
11/22/2021,604.9,624.5,624.5,601,75.59K,75590,-1.50%
11/21/2021,614.1,633,633,605.1,94.97K,94970,-2.97%
11/18/2021,632.9,625.1,649,625.1,208.24K,208240,1.62%
11/17/2021,622.8,614,625,604.2,164.31K,164310,2.32%
11/16/2021,608.7,619,626.9,603,48.29K,48290,-0.70%
11/15/2021,613,609,627,608.2,183.78K,183780,0.79%
11/14/2021,608.2,611.5,619.6,606,142.42K,142420,-0.13%
11/11/2021,609,616.2,622,602,164.01K,164010,-1.84%
11/10/2021,620.4,619,645,610,80.26K,80260,1.14%
11/09/2021,613.4,604.4,624.5,604.4,120.36K,120360,1.83%
11/08/2021,602.4,615.2,629,599.9,232.77K,232770,-1.63%
11/07/2021,612.4,648.6,650,608,344.47K,344470,-5.58%
11/04/2021,648.6,665,665,639,215.11K,215110,-0.25%
11/03/2021,650.2,651,664,636,104.39K,104390,0.00%
11/02/2021,650.2,675.5,686,645.2,139.47K,139470,-3.75%
11/01/2021,675.5,644.9,685,641.6,158.95K,158950,5.58%
10/31/2021,639.8,688.3,695,628.5,219.76K,219760,-5.83%
10/28/2021,679.4,653.8,690.6,650,317.97K,317970,5.74%
10/27/2021,642.5,601.8,642.5,601.8,296.93K,296930,7.50%
10/26/2021,597.7,590.1,605,586.3,549.87K,549870,2.89%
10/25/2021,580.9,540.9,581.3,531,439.03K,439030,7.41%
10/24/2021,540.8,547.2,559.8,535,300.94K,300940,-1.78%
10/21/2021,550.6,564.4,568,538.2,159.35K,159350,-1.06%
10/19/2021,556.5,579.3,583,547.2,574.61K,574610,-3.94%
10/18/2021,579.3,559,587.7,559,137.76K,137760,4.47%
10/17/2021,554.5,528,556.5,522.2,502.72K,502720,7.11%
10/14/2021,517.7,525,528.9,515,112.78K,112780,-1.56%
10/13/2021,525.9,568.3,568.3,515,782.69K,782690,-0.53%
10/12/2021,528.7,516.9,534.9,502,147.86K,147860,3.30%
10/11/2021,511.8,494.9,522,492.5,337.57K,337570,4.83%
10/10/2021,488.2,470,488.2,470,426.75K,426750,8.73%
10/06/2021,449,431.67,454.83,420.83,603.37K,603370,6.08%
10/05/2021,423.25,431.08,431.08,408.33,384.70K,384700,-1.97%
10/04/2021,431.75,416.67,441.67,413.33,690.31K,690310,4.96%
10/03/2021,411.33,386.58,411.33,385.83,578.71K,578710,8.75%
09/30/2021,378.25,359.08,382.42,355,346.59K,346590,7.23%
09/29/2021,352.75,365,365.75,350.83,281.76K,281760,-2.51%
09/28/2021,361.83,373.92,373.92,360.33,210.50K,210500,-1.63%
09/27/2021,367.83,372.83,380.83,363.5,199.57K,199570,-0.79%
09/26/2021,370.75,370.75,382.42,367.75,310.66K,310660,1.28%
09/23/2021,366.08,367.5,375,363.33,265.42K,265420,1.60%
09/22/2021,360.33,364.08,378.92,355.83,589.22K,589220,0.32%
09/21/2021,359.17,362.5,374.75,356.67,229.36K,229360,-0.23%
09/20/2021,360,372.5,372.5,348.42,325.57K,325570,-2.79%
09/19/2021,370.33,391.58,395,354.17,689.68K,689680,-1.79%
09/16/2021,377.08,400,403.17,370.83,535.88K,535880,-4.56%
09/15/2021,395.08,399,399.17,376.67,626.65K,626650,7.63%
09/14/2021,367.08,357.08,376.83,340.58,421.45K,421450,5.91%
09/13/2021,346.58,359.17,366.25,341.75,378.18K,378180,-2.44%
09/12/2021,355.25,375.17,391.67,350.83,382.89K,382890,-4.31%
09/09/2021,371.25,373.25,377.17,365.83,555.55K,555550,7.04%
09/08/2021,346.83,327.42,349.25,325,354.39K,354390,7.99%
09/07/2021,321.17,325.75,328.92,317.5,123.40K,123400,-0.02%
09/06/2021,321.25,330.33,336.5,320.83,336.18K,336180,-2.45%
09/05/2021,329.33,326.42,341.67,320.92,283.08K,283080,2.78%
09/02/2021,320.42,332.75,333.17,318.58,139.74K,139740,-1.21%
09/01/2021,324.33,306.67,329.17,306.67,216.92K,216920,5.90%
08/31/2021,306.25,312.5,319,300.83,152.29K,152290,-0.59%
08/29/2021,308.08,305.5,313.17,300.08,77.31K,77310,2.81%
08/26/2021,299.67,307.92,312.83,296.67,188.57K,188570,-2.41%
08/25/2021,307.08,307.92,319.17,300.83,106.81K,106810,1.49%
08/24/2021,302.58,294.25,307.25,294.25,98.64K,98640,2.57%
08/23/2021,295,297.67,304.17,287.58,209.27K,209270,-0.90%
08/22/2021,297.67,300.08,308.33,291.75,90.45K,90450,-0.67%
08/19/2021,299.67,310,313.33,292.08,80.97K,80970,-3.04%
08/18/2021,309.08,312.08,319.42,307.17,64.26K,64260,-0.64%
08/17/2021,311.08,312.58,323.33,306.67,89.26K,89260,0.48%
08/16/2021,309.58,335.83,335.83,308.42,185.04K,185040,-6.49%
08/12/2021,331.08,319.58,335.58,316.67,661.23K,661230,4.42%
08/11/2021,317.08,312.5,320.75,307,164.47K,164470,1.44%
08/10/2021,312.58,332.5,337.5,309.25,210.93K,210930,-5.56%
08/09/2021,331,335.08,350,326.67,207.23K,207230,-1.39%
08/05/2021,335.67,328.42,346.58,328.42,213.55K,213550,4.76%
08/03/2021,320.42,316.83,331.67,310,163.28K,163280,1.67%
08/02/2021,315.17,298.33,317.75,292.5,245.18K,245180,7.84%
07/29/2021,292.25,276.67,298.42,270.75,214.17K,214170,6.50%
07/28/2021,274.42,275,282.83,268.33,183.75K,183750,0.58%
07/27/2021,272.83,258.67,279.08,258.58,264.52K,264520,5.75%
07/26/2021,258,241.67,258.58,239.58,267.35K,267350,8.48%
07/25/2021,237.83,250,256.33,235,125.67K,125670,-3.94%
07/19/2021,247.58,254.58,261.75,242.42,167.79K,167790,-2.75%
07/18/2021,254.58,257.58,270.58,251.67,174.15K,174150,2.11%
07/15/2021,249.33,233.33,249.33,231.67,236.97K,236970,8.72%
07/14/2021,229.33,232.5,233.17,225.83,269.76K,269760,-1.15%
07/13/2021,232,241.5,241.5,226.08,293.45K,293450,-1.49%
07/12/2021,235.5,234.83,235.5,223,516.44K,516440,8.74%
07/08/2021,216.58,216.58,216.58,214.17,342.09K,342090,8.74%
07/07/2021,199.17,183.17,199.17,181,242.68K,242680,8.74%
07/06/2021,183.17,189.42,195.75,181.67,212.97K,212970,-6.11%
07/05/2021,195.08,191.83,199.17,191.83,291.48K,291480,-14.06%
07/04/2021,227,227,235,211.4,435.93K,435930,20.00%
06/30/2021,189.17,190,195.83,176.17,523.11K,523110,0.49%
06/29/2021,188.25,196.75,196.75,184.17,234.24K,234240,4.05%
06/28/2021,180.92,174.17,180.92,164.42,490.97K,490970,9.98%
06/27/2021,164.5,172.58,174.75,163,53.67K,53670,-4.27%
06/24/2021,171.83,177.58,177.58,170.67,72.69K,72690,-1.81%
06/23/2021,175,176.58,181.25,173.33,88.41K,88410,-0.89%
06/22/2021,176.58,185,188.33,174.17,172.48K,172480,-4.85%
06/21/2021,185.58,207.25,207.42,183.33,64.48K,64480,-6.47%
06/20/2021,198.42,170,202.42,170,293.62K,293620,6.53%
06/17/2021,186.25,186.25,186.25,186.25,26.38K,26380,-1.97%
06/16/2021,190,190,190,190,7.45K,7450,-1.98%
06/15/2021,193.83,193.83,193.83,193.83,1.06K,1060,-1.98%
06/14/2021,197.75,197.75,197.75,197.75,1.40K,1400,-1.98%
06/13/2021,201.75,201.75,201.75,201.75,25.94K,25940,-1.98%
06/10/2021,205.83,205.83,205.83,205.83,2.72K,2720,-1.99%
06/09/2021,210,210,210,210,35.90K,35900,-1.98%
06/08/2021,214.25,214.25,214.25,214.25,0.26K,260,-1.98%
06/07/2021,218.58,218.58,218.58,218.58,61.78K,61780,-1.98%
06/06/2021,223,223,223,223,0.00K,0,-1.98%
06/03/2021,227.5,227.5,227.5,227.5,0.02K,20,0.00%
06/02/2021,227.5,227.5,227.5,227.5,0.01K,10,0.00%
06/01/2021,227.5,227.5,227.5,227.5,12.22K,12220,0.00%
05/31/2021,227.5,227.5,227.5,227.5,0.03K,30,0.00%
05/30/2021,227.5,227.5,227.5,227.5,0.02K,20,0.00%
05/27/2021,227.5,227.5,227.5,227.5,24.42K,24420,0.00%
05/25/2021,227.5,227.5,227.5,227.5,0.05K,50,0.00%
05/24/2021,227.5,227.5,227.5,227.5,13.32K,13320,0.00%
05/23/2021,227.5,227.5,227.5,227.5,0.00K,0,0.00%
05/19/2021,227.5,227.5,227.5,227.5,0.12K,120,0.00%
05/17/2021,227.5,227.5,227.5,227.5,1.01K,1010,0.00%
05/16/2021,227.5,227.5,227.5,227.5,0.02K,20,0.00%
05/12/2021,227.5,227.5,227.5,227.5,0.00K,0,0.00%
05/11/2021,227.5,227.5,227.5,227.5,0.00K,0,0.00%
05/09/2021,227.5,227.5,227.5,227.5,0.00K,0,0.00%
05/06/2021,227.5,227.5,227.5,227.5,0.01K,10,0.00%
05/05/2021,227.5,227.5,227.5,227.5,0.11K,110,0.00%
05/03/2021,227.5,227.5,227.5,227.5,0.00K,0,0.00%
05/02/2021,227.5,227.5,227.5,227.5,0.00K,0,0.00%
04/29/2021,227.5,227.5,227.5,227.5,0.00K,0,0.00%
04/28/2021,227.5,227.5,227.5,227.5,0.00K,0,0.00%
04/25/2021,227.5,227.5,227.5,227.5,0.00K,0,0.00%
04/22/2021,227.5,227.5,227.5,227.5,0.00K,0,0.00%
04/21/2021,227.5,227.5,227.5,227.5,0.00K,0,0.00%
04/20/2021,227.5,227.5,227.5,227.5,0.00K,0,0.00%
04/18/2021,227.5,227.5,227.5,227.5,0.01K,10,0.00%
04/15/2021,227.5,227.5,227.5,227.5,0.00K,0,0.00%
04/13/2021,227.5,227.5,227.5,227.5,0.00K,0,0.00%
04/12/2021,227.5,227.5,227.5,227.5,0.00K,0,0.00%
04/06/2021,227.5,227.5,227.5,227.5,0.00K,0,0.00%
04/05/2021,227.5,227.5,227.5,227.5,0.00K,0,0.00%
04/01/2021,227.5,227.5,227.5,227.5,0.00K,0,0.00%
03/31/2021,227.5,227.5,227.5,227.5,0.00K,0,0.00%
03/29/2021,227.5,227.5,227.5,227.5,0.01K,10,0.00%
03/28/2021,227.5,227.5,227.5,227.5,0.00K,0,0.00%
03/25/2021,227.5,227.5,227.5,227.5,0.00K,0,0.00%
03/24/2021,227.5,227.5,227.5,227.5,0.00K,0,0.00%
03/23/2021,227.5,227.5,227.5,227.5,0.00K,0,0.00%
03/22/2021,227.5,227.5,227.5,227.5,0.00K,0,0.00%
03/21/2021,227.5,227.5,227.5,227.5,0.00K,0,0.00%
03/18/2021,227.5,227.5,227.5,227.5,0.00K,0,0.00%
03/16/2021,227.5,227.5,227.5,227.5,0.71K,710,0.00%
03/15/2021,227.5,227.5,227.5,227.5,4.88K,4880,0.00%
03/14/2021,227.5,227.5,227.5,227.5,0.06K,60,0.00%
03/11/2021,227.5,227.5,227.5,227.5,0.00K,0,0.00%
03/10/2021,227.5,227.5,227.5,227.5,0.00K,0,0.00%
03/09/2021,227.5,227.5,227.5,227.5,0.01K,10,0.00%
03/08/2021,227.5,227.5,227.5,227.5,0.00K,0,0.00%
03/07/2021,227.5,227.5,227.5,227.5,0.00K,0,0.00%
03/04/2021,227.5,227.5,227.5,227.5,0.00K,0,0.00%
03/03/2021,227.5,227.5,227.5,227.5,0.02K,20,0.00%
03/01/2021,227.5,227.5,227.5,227.5,0.01K,10,0.00%
02/28/2021,227.5,227.5,227.5,227.5,0.00K,0,0.00%
02/25/2021,227.5,227.5,227.5,227.5,0.00K,0,0.00%
02/22/2021,227.5,227.5,227.5,227.5,0.00K,0,0.00%
02/18/2021,227.5,227.5,227.5,227.5,0.00K,0,0.00%
02/17/2021,227.5,227.5,227.5,227.5,0.00K,0,0.00%
02/16/2021,227.5,227.5,227.5,227.5,0.01K,10,0.00%
02/15/2021,227.5,227.5,227.5,227.5,0.01K,10,0.00%
02/14/2021,227.5,227.5,227.5,227.5,0.00K,0,0.00%
02/11/2021,227.5,227.5,227.5,227.5,0.00K,0,0.00%
02/10/2021,227.5,227.5,227.5,227.5,0.01K,10,0.00%
02/09/2021,227.5,227.5,227.5,227.5,0.03K,30,0.00%
02/07/2021,227.5,227.5,227.5,227.5,0.00K,0,0.00%
01/31/2021,227.5,227.5,227.5,227.5,0.46K,460,0.00%
01/26/2021,227.5,227.5,227.5,227.5,0.01K,10,0.00%
01/25/2021,227.5,227.5,227.5,227.5,0.02K,20,0.00%
01/24/2021,227.5,227.5,227.5,227.5,0.07K,70,0.00%
01/21/2021,227.5,227.5,227.5,227.5,0.07K,70,0.00%
01/20/2021,227.5,227.5,227.5,227.5,0.02K,20,0.00%
01/19/2021,227.5,227.5,227.5,227.5,0.03K,30,0.00%
01/14/2021,227.5,227.5,227.5,227.5,0.06K,60,0.00%
01/12/2021,227.5,227.5,227.5,227.5,0.03K,30,0.00%
01/11/2021,227.5,227.5,227.5,227.5,1.28K,1280,0.00%
01/10/2021,227.5,227.5,227.5,227.5,1.37K,1370,0.00%
01/07/2021,227.5,227.5,227.5,227.5,0.01K,10,0.00%
01/06/2021,227.5,227.5,227.5,227.5,0.05K,50,-16.67%
01/04/2021,273,273,273,273,0.01K,10,20.00%
01/03/2021,227.5,227.5,227.5,227.5,1.96K,1960,0.00%
12/30/2020,227.5,227.5,227.5,227.5,0.61K,610,0.00%
12/29/2020,227.5,227.5,227.5,227.5,1.19K,1190,0.00%
12/28/2020,227.5,227.5,227.5,227.5,0.38K,380,0.00%
12/27/2020,227.5,227.5,227.5,227.5,0.12K,120,0.00%
12/24/2020,227.5,227.5,227.5,227.5,0.01K,10,0.00%
12/22/2020,227.5,227.5,227.5,227.5,2.84K,2840,0.00%
12/21/2020,227.5,227.5,227.5,227.5,0.01K,10,0.00%
12/20/2020,227.5,227.5,227.5,227.5,0.01K,10,0.00%
12/17/2020,227.5,227.5,227.5,227.5,0.00K,0,0.00%
12/15/2020,227.5,227.5,227.5,227.5,1.09K,1090,0.00%
12/14/2020,227.5,227.5,227.5,227.5,0.03K,30,0.00%
12/10/2020,227.5,227.5,227.5,227.5,0.01K,10,0.00%
12/09/2020,227.5,227.5,227.5,227.5,0.01K,10,0.00%
12/06/2020,227.5,227.5,227.5,227.5,0.06K,60,0.00%
12/03/2020,227.5,227.5,227.5,227.5,0.01K,10,0.00%
11/29/2020,227.5,227.5,227.5,227.5,0.00K,0,0.00%
11/24/2020,227.5,227.5,227.5,227.5,0.00K,0,0.00%
11/22/2020,227.5,227.5,227.5,227.5,0.00K,0,10.00%
11/18/2020,206.82,206.82,206.82,206.82,1.61K,1610,0.00%
11/17/2020,206.82,206.82,206.82,206.82,1.15K,1150,0.00%
11/16/2020,206.82,206.82,206.82,206.82,1.22K,1220,0.00%
11/15/2020,206.82,206.82,206.82,206.82,0.26K,260,0.00%
11/12/2020,206.82,206.82,206.82,206.82,0.01K,10,0.00%
11/10/2020,206.82,206.82,206.82,206.82,2.70K,2700,0.00%
11/09/2020,206.82,206.82,206.82,206.82,0.45K,450,0.00%
11/08/2020,206.82,206.82,206.82,206.82,2.36K,2360,0.00%
11/05/2020,206.82,206.82,206.82,206.82,0.37K,370,0.00%
11/04/2020,206.82,206.82,206.82,206.82,4.87K,4870,0.00%
11/03/2020,206.82,206.82,206.82,206.82,4.21K,4210,0.00%
11/02/2020,206.82,206.82,206.82,206.82,7.82K,7820,0.00%
11/01/2020,206.82,206.82,206.82,206.82,1.28K,1280,0.00%
10/29/2020,206.82,206.82,206.82,206.82,0.71K,710,0.00%
10/28/2020,206.82,206.82,206.82,206.82,1.07K,1070,0.00%
10/27/2020,206.82,206.82,206.89,206.82,20.39K,20390,0.00%
10/25/2020,206.82,207.58,209.09,206.82,26.29K,26290,0.00%
10/22/2020,206.82,207.65,208.33,206.82,14.37K,14370,-0.07%
10/21/2020,206.97,206.82,219.7,206.82,33.15K,33150,0.07%
10/20/2020,206.82,206.82,206.82,206.82,9.77K,9770,0.00%
10/19/2020,206.82,206.82,206.82,206.82,0.24K,240,0.00%
10/18/2020,206.82,206.82,206.82,206.82,0.00K,0,0.00%
10/15/2020,206.82,206.82,206.82,206.82,0.22K,220,0.00%
10/14/2020,206.82,206.82,207.58,206.82,9.01K,9010,0.00%
10/13/2020,206.82,206.82,206.82,206.82,0.61K,610,0.00%
10/12/2020,206.82,206.82,206.82,206.82,1.43K,1430,0.00%
10/11/2020,206.82,206.82,206.82,206.82,0.85K,850,0.00%
10/08/2020,206.82,206.82,210.61,206.82,19.34K,19340,0.00%
10/07/2020,206.82,206.82,206.82,206.82,7.93K,7930,0.00%
10/06/2020,206.82,206.82,206.82,206.82,0.48K,480,-0.07%
10/05/2020,206.97,207.2,208.33,206.82,6.12K,6120,-0.33%
10/04/2020,207.65,207.58,207.95,206.97,10.87K,10870,0.07%
10/01/2020,207.5,209.85,209.85,206.97,13.64K,13640,0.14%
09/30/2020,207.2,206.89,209.09,206.82,0.93K,930,0.15%
09/29/2020,206.89,210.61,210.61,206.82,6.28K,6280,-0.26%
09/28/2020,207.42,207.73,210.61,207.2,12.44K,12440,-0.22%
09/27/2020,207.88,208.33,209.85,207.58,5.52K,5520,-0.72%
09/24/2020,209.39,212.12,212.88,207.27,24.57K,24570,0.33%
09/23/2020,208.71,210.61,212.05,207.95,1.24K,1240,0.69%
09/22/2020,207.27,207.27,212.12,206.82,6.25K,6250,-0.26%
09/21/2020,207.8,212.12,212.12,207.12,6.14K,6140,-0.73%
09/20/2020,209.32,216.67,216.74,207.2,7.06K,7060,-2.23%
09/17/2020,214.09,218.18,219.7,212.88,15.34K,15340,-1.77%
09/16/2020,217.95,219.7,219.7,215.15,50.06K,50060,1.84%
09/15/2020,214.02,215.15,219.7,212.2,23.09K,23090,0.64%
09/14/2020,212.65,208.33,213.64,208.33,27.89K,27890,1.66%
09/13/2020,209.17,213.64,213.71,208.33,12.87K,12870,-1.32%
09/10/2020,211.97,209.85,212.12,207.58,23.96K,23960,2.27%
09/09/2020,207.27,209.62,212.05,206.82,11.85K,11850,-0.04%
09/08/2020,207.35,215.76,215.91,206.82,8.14K,8140,-0.29%
09/07/2020,207.95,212.8,218.71,207.2,7.00K,7000,-0.80%
09/06/2020,209.62,215.91,219.7,208.33,2.66K,2660,0.14%
09/03/2020,209.32,214.39,219.7,208.33,6.87K,6870,-4.29%
09/02/2020,218.71,219.7,223.48,212.12,15.12K,15120,3.81%
09/01/2020,210.68,212.88,218.18,210.61,5.99K,5990,-0.96%
08/31/2020,212.73,221.21,227.27,210.38,2.23K,2230,-0.99%
08/27/2020,214.85,218.94,219.7,214.47,5.06K,5060,1.91%
08/26/2020,210.83,219.7,219.85,208.33,4.62K,4620,-3.03%
08/25/2020,217.42,219.62,219.85,215.76,1.64K,1640,1.92%
08/24/2020,213.33,218.94,218.94,212.27,2.65K,2650,-0.67%
08/23/2020,214.77,219.7,220.45,212.12,4.94K,4940,-0.56%
08/20/2020,215.98,219.7,223.48,212.12,4.06K,4060,-0.84%
08/19/2020,217.8,221.59,221.59,217.42,7.24K,7240,-0.86%
08/18/2020,219.7,224.85,230.91,218.26,5.08K,5080,-2.29%
08/17/2020,224.85,233.26,242.42,219.77,2.48K,2480,-3.61%
08/16/2020,233.26,252.35,252.35,227.27,5.64K,5640,0.46%
08/13/2020,232.2,238.64,245.53,227.12,6.13K,6130,1.93%
08/12/2020,227.8,228.03,228.03,225.76,4.84K,4840,8.63%
08/10/2020,209.7,221.89,221.97,206.89,4.44K,4440,-5.59%
08/09/2020,222.12,226.97,226.97,211.36,7.54K,7540,-0.21%
08/06/2020,222.58,221.29,228.79,221.21,0.35K,350,-2.26%
08/05/2020,227.73,237.12,237.12,227.27,15.67K,15670,-2.53%
08/04/2020,233.64,237.5,237.5,233.33,0.92K,920,-1.59%
08/03/2020,237.42,241.29,241.29,232.58,0.87K,870,-1.33%
07/30/2020,240.61,239.92,242.35,227.27,16.65K,16650,0.29%
07/29/2020,239.92,261.14,261.14,238.64,11.92K,11920,-8.13%
07/28/2020,261.14,265.83,265.83,245.68,22.22K,22220,6.82%
07/27/2020,244.47,244.47,244.47,244.47,37.25K,37250,8.73%
07/26/2020,224.85,224.85,224.85,206.82,25.80K,25800,"1,558.19%"
06/22/2009,13.56,13.64,13.64,12.88,4.62K,4620,2.26%
06/18/2009,13.26,13.26,13.26,13.26,0.13K,130,-7.85%
06/16/2009,14.39,14.39,14.39,14.39,0.79K,790,-1.10%
06/10/2009,14.55,14.55,14.55,14.55,0.13K,130,-9.40%
06/09/2009,16.06,16.06,16.06,16.06,0.13K,130,-9.78%
06/08/2009,17.8,17.8,17.8,17.8,0.13K,130,-9.64%
06/07/2009,19.7,19.32,20.83,19.32,0.79K,790,7.89%
06/04/2009,18.26,17.42,19.17,17.42,0.26K,260,-3.18%
06/03/2009,18.86,17.8,19.32,17.8,1.06K,1060,7.28%
05/26/2009,17.58,17.58,17.58,17.58,0.13K,130,0.46%
05/25/2009,17.5,17.5,17.5,17.5,0.40K,400,-7.60%
05/24/2009,18.94,18.94,18.94,18.94,0.13K,130,8.73%
05/10/2009,17.42,17.42,17.42,17.42,0.13K,130,30.68%
05/03/2009,13.33,13.33,13.33,13.33,0.53K,530,0.00%
04/21/2009,13.33,13.33,13.33,13.33,0.13K,130,0.00%
04/20/2009,13.33,13.33,13.33,13.33,0.26K,260,0.00%
04/19/2009,13.33,13.33,13.33,13.33,0.26K,260,0.00%
04/16/2009,13.33,13.33,13.33,13.33,0.26K,260,5.38%
04/07/2009,12.65,12.27,12.88,12.27,0.40K,400,12.85%
04/02/2009,11.21,10.83,11.36,10.83,0.53K,530,13.81%
03/17/2009,9.85,9.85,9.85,9.85,0.66K,660,7.42%
03/16/2009,9.17,9.17,9.17,9.17,0.13K,130,10.08%
03/15/2009,8.33,8.33,8.33,8.33,0.13K,130,-5.98%
03/02/2009,8.86,8.86,8.86,8.86,0.13K,130,9.25%
02/16/2009,8.11,8.11,8.11,8.11,0.13K,130,9.30%
02/08/2009,7.42,7.12,7.8,7.12,0.26K,260,25.55%
09/24/2008,5.91,5.91,5.91,5.91,0.92K,920,1.37%
09/16/2008,5.83,5.83,5.83,5.83,0.66K,660,0.00%
09/15/2008,5.83,5.91,5.91,5.68,1.85K,1850,0.00%
08/04/2008,5.83,5.61,6.14,5.61,0.26K,260,13.20%
06/30/2008,5.15,5.15,5.15,5.15,0.13K,130,9.57%
06/11/2008,4.7,4.7,4.7,4.7,0.26K,260,0.00%
06/05/2008,4.7,4.7,4.7,4.7,0.26K,260,-1.47%
05/21/2008,4.77,4.77,4.77,4.77,0.13K,130,-8.80%
03/23/2008,5.23,5.23,5.23,5.23,0.40K,400,9.64%
01/15/2008,4.77,4.77,4.77,4.77,0.13K,130,0.00%
12/31/2007,4.77,4.77,4.77,4.77,0.13K,130,0.00%
12/30/2007,4.77,4.77,4.77,4.77,0.13K,130,0.00%
12/27/2007,4.77,4.77,4.77,4.77,0.13K,130,0.00%
12/26/2007,4.77,4.77,4.77,4.77,0.13K,130,0.00%
12/25/2007,4.77,4.77,4.77,4.77,0.13K,130,0.00%
12/24/2007,4.77,4.77,4.77,4.77,0.13K,130,0.00%
12/23/2007,4.77,4.77,4.77,4.77,0.13K,130,0.00%
12/19/2007,4.77,4.77,4.77,4.77,0.13K,130,0.00%
12/18/2007,4.77,4.77,4.77,4.77,0.13K,130,0.00%
12/17/2007,4.77,4.77,4.77,4.77,0.13K,130,0.00%
12/13/2007,4.77,4.77,4.77,4.77,0.13K,130,0.00%
12/12/2007,4.77,4.77,4.77,4.77,0.13K,130,0.00%
12/11/2007,4.77,4.77,4.77,4.77,0.13K,130,0.00%
12/10/2007,4.77,4.77,4.77,4.77,0.13K,130,0.00%
12/09/2007,4.77,4.77,4.77,4.77,0.13K,130,0.00%
12/06/2007,4.77,4.77,4.77,4.77,0.13K,130,0.00%
12/05/2007,4.77,4.77,4.77,4.77,0.13K,130,0.00%
12/04/2007,4.77,4.77,4.77,4.77,0.13K,130,0.00%
12/03/2007,4.77,4.77,4.77,4.77,0.13K,130,0.00%
12/02/2007,4.77,4.77,4.77,4.77,0.13K,130,0.00%
11/29/2007,4.77,4.77,4.77,4.77,0.13K,130,0.00%
11/28/2007,4.77,4.77,4.77,4.77,0.13K,130,0.00%
11/27/2007,4.77,4.77,4.77,4.77,0.13K,130,0.00%
11/26/2007,4.77,4.77,4.77,4.77,0.13K,130,0.00%
